<?xml version="1.0" encoding="UTF-8"?>
<!DOCTYPE mapper PUBLIC "-//mybatis.org//DTD Mapper 3.0//EN" "http://mybatis.org/dtd/mybatis-3-mapper.dtd">
<mapper namespace="com.envc.dao.OptionEntityMapper">

    <insert id="insert" parameterType="com.envc.dao.entity.OptionEntity">
        insert into option_info(optionId, questionId, content)
        values (#{optionId, jdbcType=VARCHAR}, #{questionId, jdbcType=VARCHAR}, #{content, jdbcType=VARCHAR})
    </insert>

    <select id="queryOptionList" parameterType="java.lang.String" resultType="com.envc.dao.entity.OptionEntity">
        select *
        from option_info
        where questionId=#{questionId, jdbcType=VARCHAR}
    </select>
    <select id="queryOptionList2" parameterType="java.lang.String" resultType="com.envc.dao.entity.OptionEntity">
        select *
        from option_info
        where questionId=#{questionId, jdbcType=VARCHAR}
    </select>
    <select id="getCountOption" parameterType="java.lang.String" resultType="int">
        SELECT COUNT(optionId) count from answer_info WHERE questionnaireId = #{questionnaireId} and questionId  =#{questionId}  and optionId = #{optionId}
    </select>

</mapper>
