<?xml version="1.0" encoding="UTF-8"?>
<!DOCTYPE mapper PUBLIC "-//mybatis.org//DTD Mapper 3.0//EN" "http://mybatis.org/dtd/mybatis-3-mapper.dtd">
<mapper namespace="com.envc.dao.ProjectEntityMapper">
    <resultMap id="BaseResultMap" type="com.envc.dao.entity.ProjectEntity">
        <id column="id" jdbcType="VARCHAR" property="id" />
        <result column="userid" jdbcType="VARCHAR" property="userId" />
        <result column="project_name" jdbcType="VARCHAR" property="projectName" />
        <result column="project_content" jdbcType="VARCHAR" property="projectContent" />
        <result column="created_by" jdbcType="VARCHAR" property="createdBy" />
        <result column="creation_date" jdbcType="TIMESTAMP" property="creationDate" />
        <result column="last_updated_by" jdbcType="VARCHAR" property="lastUpdatedBy" />
        <result column="last_update_date" jdbcType="VARCHAR" property="lastUpdateDate" />
    </resultMap>

    <!--查找所有项目信息-->
    <select id="queryProjectList" parameterType="java.lang.String" resultType="com.envc.dao.entity.ProjectEntity">
        SELECT
            *
        FROM project_info
        where 1=1
        <if test="projectName != null and projectName != ''">
            and projectname LIKE CONCAT('%', #{projectName,jdbcType=VARCHAR}, '%')
        </if>
        <if test="id != null and id != ''">
            and id = #{id, jdbcType=VARCHAR}
        </if>
        <if test="createdBy != null and createdBy !='' ">
            and createdby = #{createdBy ,jdbcType=VARCHAR}
        </if>
    </select>

    <insert id="insert" parameterType="com.envc.dao.entity.ProjectEntity">
        insert into project_info(id, userid, projectname, projectcontent,
        createdby, creationdate, lastupdatedby, lastupdatedate)
        values (#{id, jdbcType=VARCHAR}, #{userId, jdbcType=VARCHAR}, #{projectName, jdbcType=VARCHAR},#{projectContent, jdbcType=VARCHAR},
        #{createdBy, jdbcType=VARCHAR}, #{creationDate, jdbcType=TIMESTAMP},#{lastUpdatedBy, jdbcType=VARCHAR}, #{lastUpdateDate, jdbcType=TIMESTAMP})
    </insert>

    <delete id="deleteProjectById" parameterType="com.envc.dao.entity.ProjectEntity">
        <!--
          WARNING - @mbg.generated
          This element is automatically generated by MyBatis Generator, do not modify.
        -->
        delete from project_info
        where id = #{id,jdbcType=VARCHAR}
    </delete>

    <update id="updateByPrimaryKeySelective" parameterType="com.envc.dao.entity.ProjectEntity">
        update project_info
        set id = #{id, jdbcType=VARCHAR},
            userid = #{userId, jdbcType=VARCHAR},
            projectname = #{projectName, jdbcType=VARCHAR},
            projectcontent = #{projectContent, jdbcType=VARCHAR},
            lastupdatedby = #{lastUpdatedBy, jdbcType=VARCHAR},
            lastupdatedate = #{lastUpdateDate, jdbcType=TIMESTAMP}
        where id = #{id, jdbcType=VARCHAR}
    </update>
</mapper>