<?xml version="1.0" encoding="UTF-8"?>
<!DOCTYPE mapper PUBLIC "-//mybatis.org//DTD Mapper 3.0//EN" "http://mybatis.org/dtd/mybatis-3-mapper.dtd">
<mapper namespace="com.envc.dao.QuestionnaireEntityMapper">

    <insert id="insert" parameterType="com.envc.dao.entity.QuestionnaireEntity">
        insert into questionnaire_info(questionnaireId, title, type, description,
                                 createdBy, creationDate,lastUpdatedBy,lastUpdateDate,userID,projectId,startTime,endTime,isDelete)
        values (#{questionnaireId, jdbcType=VARCHAR}, #{title, jdbcType=VARCHAR}, #{type, jdbcType=VARCHAR},#{description, jdbcType=VARCHAR},
                #{createdBy, jdbcType=VARCHAR}, #{creationDate, jdbcType=TIMESTAMP},#{lastUpdatedBy, jdbcType=VARCHAR},#{lastUpdateDate, jdbcType=TIMESTAMP},
                #{userID, jdbcType=VARCHAR}, #{projectId, jdbcType=VARCHAR},#{startTime, jdbcType=TIMESTAMP},#{endTime, jdbcType=TIMESTAMP},#{isDelete, jdbcType=VARCHAR})
    </insert>

    <select id="selectQuestionnaireList" parameterType="java.lang.String" resultType="com.envc.dao.entity.QuestionnaireEntity">
        select *
        from questionnaire_info
        where 1=1
        <if test="projectId != null and projectId != ''">
            and projectId=#{projectId, jdbcType=VARCHAR}
        </if>
        <if test="questionnaireId != null and questionnaireId !='' ">
            and questionnaireId=#{questionnaireId, jdbcType=VARCHAR}
        </if>
    </select>

    <select id="queryQuestionnaireList" parameterType="java.lang.String" resultType="com.envc.dao.entity.QuestionnaireEntity">
        SELECT
        *
        FROM questionnaire_info
        where  projectId = #{projectId, jdbcType=VARCHAR} and isDelete = 0 and createdby = #{createdBy ,jdbcType=VARCHAR}
    </select>

    <delete id="deleteQuestionnaireById" parameterType="com.envc.dao.entity.QuestionnaireEntity">
        update questionnaire_info
        set isDelete = 1
        where questionnaireId = #{questionnaireId,jdbcType=VARCHAR}
    </delete>
</mapper>
