<?xml version="1.0" encoding="UTF-8"?>
<!DOCTYPE mapper PUBLIC "-//mybatis.org//DTD Mapper 3.0//EN" "http://mybatis.org/dtd/mybatis-3-mapper.dtd">
<mapper namespace="com.envc.dao.UserEntityMapper">
  <resultMap id="BaseResultMap" type="com.envc.dao.entity.UserEntity">
  <!--
  WARNING - @mbg.generated
  This element is automatically generated by MyBatis Generator, do not modify.
  -->
  <id column="id" jdbcType="VARCHAR" property="id" />
  <result column="username" jdbcType="VARCHAR" property="username" />
  <result column="password" jdbcType="VARCHAR" property="password" />
  <result column="start_time" jdbcType="TIMESTAMP" property="startTime" />
  <result column="stop_time" jdbcType="TIMESTAMP" property="stopTime" />
  <result column="status" jdbcType="VARCHAR" property="status" />
  <result column="created_by" jdbcType="CHAR" property="createdBy" />
  <result column="creation_date" jdbcType="TIMESTAMP" property="creationDate" />
  <result column="last_updated_by" jdbcType="CHAR" property="lastUpdatedBy" />
  <result column="last_update_date" jdbcType="TIMESTAMP" property="lastUpdateDate" />
  </resultMap>

  <!--查找所有用户信息-->
  <select id="queryUserList" parameterType="java.lang.String" resultType="com.envc.dao.entity.UserEntity">
    SELECT
    id,username,password,start_time as "starttime",stop_time as "stoptime"
    FROM user_info
    Where 1=1
    <if test="username != null and username != ''">
      and username LIKE CONCAT('%', #{username,jdbcType=VARCHAR}, '%')
    </if>
  </select>

  <insert id="insert" parameterType="com.envc.dao.entity.UserEntity">
    <!--
      WARNING - @mbg.generated
      This element is automatically generated by MyBatis Generator, do not modify.
    -->
    insert into user_info (id, username, password,
    start_time, stop_time,
    status, created_by, creation_date,
    last_updated_by, last_update_date)
    values (#{id,jdbcType=VARCHAR}, #{username,jdbcType=VARCHAR}, #{password,jdbcType=VARCHAR},
    #{startTime,jdbcType=TIMESTAMP}, #{stopTime,jdbcType=TIMESTAMP},
    #{status,jdbcType=VARCHAR}, #{createdBy,jdbcType=CHAR}, #{creationDate,jdbcType=TIMESTAMP},
    #{lastUpdatedBy,jdbcType=CHAR}, #{lastUpdateDate,jdbcType=TIMESTAMP})
  </insert>

  <delete id="deleteUserById" parameterType="com.envc.dao.entity.UserEntity">
    delete from user_info
    where id = #{id,jdbcType=VARCHAR}
  </delete>

  <update id="updateByPrimaryKeySelective1" parameterType="com.envc.dao.entity.UserEntity">
    <!--
      WARNING - @mbg.generated
      This element is automatically generated by MyBatis Generator, do not modify.
    -->
    update user_info
    set username = #{username,jdbcType=VARCHAR},
    password = #{password,jdbcType=VARCHAR},

    start_time = #{startTime,jdbcType=TIMESTAMP},
    stop_time = #{stopTime,jdbcType=TIMESTAMP},
    status = #{status,jdbcType=VARCHAR},
    created_by = #{createdBy,jdbcType=CHAR},
    creation_date = #{creationDate,jdbcType=TIMESTAMP},
    last_updated_by = #{lastUpdatedBy,jdbcType=CHAR},
    last_update_date = #{lastUpdateDate,jdbcType=TIMESTAMP}
    where id = #{id,jdbcType=VARCHAR}
  </update>

  <!--根据用户名（密码）查找用户信息-->
  <select id="selectUserInfo" parameterType="java.lang.String" resultType="com.envc.dao.entity.UserEntity">
    SELECT id,username,`password`,status
    FROM user_info
    WHERE username = #{username,jdbcType=VARCHAR} and `password` = #{password,jdbcType=VARCHAR}
      AND status = "1"
  </select>

</mapper>